episode,final_balance,max_balance,min_balance,max_drawdown,mean_reward,trades,winrate
1,286.4338027117324,292.7778026188486,190.95552801727695,0.34778003554500514,-0.009560478409640296,0,0
2,502.8763297664263,510.5343449405343,196.75375,0.6146121177745303,0.002522661881751127,0,0
3,492.79531191342636,511.9784966269455,199.75,0.6098468952973461,-0.0005497961674466545,0,0
4,561.1783606687726,569.7242240292107,199.75,0.6493917731155513,0.001844705712461391,0,0
5,424.43095057608457,443.9299903064775,199.65960708866257,0.5502452831564211,-0.004694535281216037,0,0
6,1163.431993673491,1181.1492321558283,199.75,0.8308850443602142,0.005285581023216842,0,0
7,286.4796394153646,303.5647620004404,188.33215935797463,0.37959808603311673,-9.080323002776893e-05,0,0
8,494.7256100329423,525.0550936853116,198.75856442569108,0.6214519831992797,-0.010203359214758142,0,0
9,1984.9402072458197,2016.766324871876,199.75,0.9009553077436029,0.006377173327523786,0,0
10,222.62413871175553,229.8172675904696,194.6987996973514,0.15281039697895415,-0.003024077476836933,0,0
11,274.57495076816156,278.1980102280936,195.63116208739763,0.2967916559611613,-0.013820454491342084,0,0
12,425.1975410494058,427.86320051449036,199.75,0.5331451740654309,-0.0052665995567834035,0,0
13,239.83093636559178,252.87364301095937,190.41130155014335,0.24701009056174728,-0.012167098530650162,0,0
14,310.2990955277951,316.35982358933205,196.87961614082403,0.37767187404809577,-0.008301448220765489,0,0
15,507.3642825057056,515.0906421377722,196.75375,0.6180211133647932,-0.008542205066095127,0,0
16,315.5026011192877,332.44000579565045,194.93513280483117,0.4136231217470949,-0.022455238035516693,0,0
17,206.20553939335306,222.62001598194507,196.85780488331315,0.1157227978131189,-0.014205295462367484,0,0
18,243.22818206036544,249.70861019721772,199.75,0.2000676314595674,-0.0035856331208944,0,0
19,305.7017892635689,312.8988556793101,193.1491005019253,0.3827107482301446,6.166706184968085e-06,0,0
20,264.23483943873487,271.4345743696747,188.15084036731264,0.3068280236435006,-0.008225031771964727,0,0
21,223.0036036235684,240.99924482709477,199.75,0.17115922855562926,-0.011144587179253566,0,0
22,630.1386336526342,662.3843836399537,196.33664642941807,0.7035910699607631,0.00017490935460478916,0,0
23,426.39334598304055,455.5626352940961,196.48913667218147,0.5686890858699712,-0.00135478175375366,0,0
24,485.29042783946164,546.1898892376075,196.75375,0.6397704280563737,0.0013777707576185932,0,0
25,1472.589717553148,1525.006792402161,199.75,0.8690169768454882,-0.0002953617169868846,0,0
26,244.16217839759042,253.13462192452673,192.28607172023194,0.24038019667826027,-0.014605789154401352,0,0
27,1506.136608338212,1522.1757877766258,199.75,0.8687733692757221,0.0003824599200043403,0,0
28,252.7855073579447,260.8534174824989,196.75375,0.24573060265464786,-0.011623754108477397,0,0
29,422.5253579177439,425.7448324342576,196.75375,0.5378599221626907,-0.011462668375809509,0,0
30,259.0238932471332,262.9684195402367,185.2114963475336,0.2956892060599906,0.0027129144422051114,0,0
31,583.8432116506203,599.3352502007665,193.80244374999998,0.6766376686752871,-0.00588330307275235,0,0
32,499.33848682671373,506.94262622001395,193.08155226517377,0.6191254349533115,0.0010685081043540403,0,0
33,578.3261298277006,578.7390886974182,199.75,0.6548531040998422,-0.010902458090402675,0,0
34,212.67983523832146,214.0362769252161,182.08072598516026,0.1492996953559469,-0.007325513586104475,0,0
35,221.57784902908563,229.17993674898932,198.32906735401164,0.13461418059804808,-0.008944898363851674,0,0
36,194.25027434622595,214.34778271446032,193.45679164379644,0.09746306122743265,-0.016039784465237145,0,0
37,405.3891743203795,414.07728252879156,199.75,0.5176021278440673,-0.002692660834876874,0,0
38,415.4941399977657,421.82146192666573,190.89540709374998,0.5474497522676136,0.0014491377549931098,0,0
39,414.47233733868325,425.20656055669167,199.75,0.5302283207049251,-0.00607932153773859,0,0
40,309.29176792327223,320.13839745253927,191.68324295121926,0.4012488208958551,0.011274041504353982,0,0
41,383.5776192028381,389.8338570915799,199.75,0.48760222754824845,-0.009611114714872481,0,0
42,249.4878266999627,271.56484343654137,195.27410476005687,0.2809301001965372,-0.013031954857718723,0,0
43,294.0464704924805,300.0469086846906,199.75,0.33427076160977653,-0.0018355100615307378,0,0
44,250.22378123912304,258.4839646983055,199.37304868383592,0.22868310644902878,-0.004147070040099501,0,0
45,211.80415165709982,215.02959559096428,185.01720496034523,0.1395733017500973,-0.006746914729499929,0,0
46,361.8849004045369,370.5426684698996,199.75,0.46092577995177264,-0.00641030583788574,0,0
47,234.27846918960321,238.05674155336513,196.10913065556534,0.1762084561188384,-0.0030497310405602084,0,0
48,323.8552660398118,340.90783593677844,195.97318687798935,0.42514320229842795,-0.01578463238242668,0,0
49,285.8038057243028,318.54478112215924,199.75,0.3729296104104196,-0.02034754654428084,0,0
50,448.34369963341504,455.1712686633655,199.75,0.5611541989753078,-0.008104937224664417,0,0
51,1623.931025618316,1654.1918991966625,196.32779661133998,0.8813149812263715,0.005241293584500204,0,0
52,232.54548683171424,261.9833177647263,199.75,0.2375468724333616,-0.01858131226703856,0,0
53,249.85490475191187,256.5177204434054,190.8802418381642,0.25587892521336564,-0.005799379394153918,0,0
54,691.1523425184187,701.6775050948412,199.45220456996452,0.7157494673525184,0.0017064484437217466,0,0
55,228.43569804527925,230.23633823669127,193.81043336533813,0.15821092860635233,-0.0028213405825738154,0,0
56,263.8344246314806,265.1807372702467,183.68626191733895,0.30731672364971374,0.011930749122003249,0,0
57,246.6553046293,256.56300826802396,198.60920273636947,0.22588527443173656,-0.013487471925109162,0,0
58,860.8738816144081,886.5226697687139,185.2114963475336,0.7910809247598218,0.01651746011281696,0,0
59,456.92577362042897,465.727319219142,199.75,0.5711009602466326,-0.008065414200961763,0,0
60,621.7558540043781,621.7558540043781,198.72393627855553,0.6803826855852069,-0.0010623612199773553,0,0
61,260.75676450688,271.409788143037,199.75,0.2640280169456204,-0.007138892978158756,0,0
62,220.1798973560447,237.94767495544622,199.65486004017407,0.16092956118374413,-0.010840278116143885,0,0
63,251.07049911111696,259.0836729790602,199.75,0.22901355495240228,-0.012957909309057936,0,0
64,275.21058456408707,285.2977753037786,198.01858271979862,0.30592314465490344,-0.00961597912313427,0,0
65,1014.8150364384112,1043.9393662306034,196.75375,0.8115276074793241,0.01492292209673404,0,0
66,275.0505414463839,283.491500885242,176.97287242975705,0.3757383488494913,0.003844744753069654,0,0
67,597.4886272738768,606.5874388567277,196.50366836131627,0.6760505480765004,0.004214496789941918,0,0
68,4144.013092792414,5042.736032203577,199.75,0.9603885670944562,-0.07467133085056117,0,0
69,316.2207373125634,326.75415396782364,199.75,0.38868412972136257,-0.013909253816565487,0,0
70,493.7058070928187,493.7058070928187,199.75,0.5954068250154364,-0.0014222614911537164,0,0
71,334.94868242798185,349.1950288478639,193.89227827379867,0.44474502138954275,-0.0030432204911253957,0,0
72,672.7503008361475,702.5311855860753,199.75,0.7156709850063641,-0.0010203662331956323,0,0
73,237.81139836348055,272.9093568272246,199.75,0.2680719989880773,-0.01936795087470973,0,0
74,403.7401249839273,409.72774479699353,183.08551334413065,0.5531532446384771,0.015345868479413423,0,0
75,280.04797048368636,286.30240714951367,199.75,0.3023111402074731,0.0032257677546519963,0,0
76,796.3901382297175,796.3901382297175,199.75,0.7491807213434096,-0.002634686776348639,0,0
77,1593.141667621644,1611.2654256183723,199.75,0.876029115486457,0.005378409599174447,0,0
78,239.70209322257514,249.16724576216612,199.75,0.19832962238277352,-0.008677000934552006,0,0
79,391.760776555268,421.49752218434486,199.75,0.526094485763933,-0.014366074469507245,0,0
80,297.84100370535396,307.9363740354692,199.75,0.3513270375230434,-0.002445541680641195,0,0
81,559.7439038131383,593.0166721821693,197.4277440646727,0.6670789316290509,-0.005704396082955861,0,0
82,4194.06942934684,4376.896359538988,199.75,0.9543626388217611,-0.09002200400819518,0,0
83,259.0755588212046,266.2678562388937,197.08692008830948,0.25981707716351454,-0.010264785526248864,0,0
84,628.4596813919156,660.6195152459458,195.2958320345856,0.7043747156608327,-0.0009307883521360289,0,0
85,4339.104900072408,4405.182639667419,195.28164864840997,0.9556700221938691,-0.04846811741405016,0,0
86,411.0305667899727,417.3560910668645,196.75375,0.5285710351152437,-0.003970135551694247,0,0
87,224.26748495394705,231.75127197080272,187.11633644648447,0.19259844895238198,0.0038880450333044214,0,0
88,363.6987522928144,363.7231724126903,199.75,0.45081860285393593,0.0004704868647333932,0,0
89,323.25322870937083,325.08468602495986,199.75,0.38554472546066576,-0.00968118031079916,0,0
90,347.530619021173,377.7807974121814,199.75,0.47125422634422354,-0.009578966352395506,0,0
91,210.56150772618295,214.4419925213107,195.86765848773194,0.08661705580698187,-0.006439262916819829,0,0
92,590.3294113205849,608.4458876246075,199.75,0.6717045770827206,0.0022552404808165835,0,0
93,319.69878693747603,319.69878693747603,195.93724015392118,0.3871192254719411,-0.011861024797352116,0,0
94,355.6031714874023,366.1211852721028,199.75,0.45441561964914723,-0.008459170034990027,0,0
95,212.43492900228162,221.41190926119972,195.96061473373624,0.11494997993734202,-0.013286840813360536,0,0
96,411.6000576609966,429.1298503851547,199.75,0.5345231756291962,0.0036485985749278257,0,0
97,263.8903430416036,278.58181453906246,188.51759506304157,0.32329540111955934,-0.011213296433063217,0,0
98,473.59814489515213,486.1909146728726,184.4227748719433,0.6206782782108756,0.0058423776141795026,0,0
99,326.13901891316095,333.115330034513,198.83425488076455,0.40310686133789175,-0.001565177635876692,0,0
100,1112.543923355561,1128.974944834022,198.84315678096434,0.8238728346533877,0.00838841122685746,0,0
101,350.22606328540354,355.55945511208483,196.75375,0.44663614714457167,-0.01131924481750326,0,0
102,476.7854241347688,497.4847822326385,199.75,0.5984801804317483,-0.00015521890843441034,0,0
103,3979.34567944565,4893.11622175448,199.75,0.9591773440590018,-0.0581929731696708,0,0
104,328.28868592176127,332.390740220071,194.08281853721502,0.41610040517760616,-0.003913735945752535,0,0
105,233.4831436781613,234.39335737761894,188.69173819005914,0.19497830356144563,-0.004154041246471396,0,0
106,272.6784082600789,276.83087133002937,191.7478128729663,0.30734671334986197,0.006953385272890553,0,0
107,374.0494320177466,391.5033899796497,199.75,0.48978730424177686,-0.009725781244171694,0,0
108,4136.077259415777,4798.886637370698,193.41245950983816,0.959696389157505,-0.06396650577449486,0,0
109,306.41944893720336,310.0577753514127,196.6809326581412,0.3656636011297336,-0.0048462037836550865,0,0
110,4805.853143064336,5019.224832030545,199.75,0.9602030180586291,-0.03404220185371827,0,0
111,575.1258109302515,593.4077326270086,199.75,0.6633849054920311,-0.007619766917705901,0,0
112,1602.0831802174434,1626.480386007557,199.75,0.8771888049075607,-0.004775362276268018,0,0
113,678.7069363012486,678.7069363012486,196.75375,0.710104996020448,-8.587222100165591e-05,0,0
114,225.78751747911244,229.14826265080129,197.84556221028842,0.13660457242137158,-0.008913421133735985,0,0
115,505.69343348938673,513.3943487201896,199.75,0.6109228695291544,-0.00434020624865293,0,0
116,866.041253015716,913.0540056416212,199.75,0.7812287129066021,0.0036740895476711373,0,0
117,423.3846068727155,433.25746940878145,198.88545510344082,0.540953199549363,0.008535236593729645,0,0
118,576.1447980375663,594.7910312846525,195.7249455084878,0.670934941494068,-0.0074819929852821005,0,0
119,324.7404964278641,329.68578317549657,195.31575668421203,0.40756997525658367,-0.015138126982555716,0,0
120,337.2270180143186,353.4229700109268,199.75,0.4348131928328701,-0.009494193471345603,0,0
121,3827.516213633782,4696.081277417721,199.75,0.9574645351730713,-0.08516739742114544,0,0
122,232.66372811933752,240.47353662423035,196.04273851936694,0.1847637737132466,-0.0066852321101323045,0,0
123,4222.3160894774555,5322.1331527803095,193.80244374999998,0.9635855702616616,-0.06885329647375359,0,0
124,214.10251467812836,223.88113551634368,194.61979079556818,0.1307003587117298,-0.01192412100380188,0,0
125,386.23413870847526,392.1158768613962,192.66953216515842,0.5086413391180725,0.0027784034139345126,0,0
126,482.373400290611,491.11438110043133,193.80244374999998,0.6053822669257816,-0.0010575948066876087,0,0
127,839.0802080077247,851.8580791956596,199.75,0.7655125837526743,-0.002547891880350555,0,0
128,450.1018230590153,450.1018230590153,191.08452889915904,0.575463774839888,0.005712308122283231,0,0
129,354.80347807411687,356.2038272326016,199.75,0.439225564891073,-0.0028188091604972373,0,0
130,503.57561898051665,514.2669650356872,197.69352650295522,0.6155819060062775,0.0010513361090333448,0,0
131,361.73979207543266,369.76746746762467,193.80244374999998,0.4758802198655604,-0.0044902332187567616,0,0
132,249.7951115397111,255.30945922308624,190.89540709374998,0.252297945894171,0.005630084085600719,0,0
133,354.3187084931585,363.28385034477355,197.354634151553,0.4567481214365733,-0.007324973502494152,0,0
134,254.3125221234749,282.3127368067467,199.75,0.29245133514207655,-0.01768635964949312,0,0
135,336.10284416513906,349.4646452395519,199.75,0.42841142095196816,-0.007424000601019052,0,0
136,292.59492519480034,297.05068547695464,199.6483311032739,0.327898096640606,-0.011707629965443474,0,0
137,229.3517631187276,244.1417842628595,199.75,0.18182788495993096,-0.009348432717962072,0,0
138,638.0172131800057,668.4024760850751,198.12709916526072,0.703581141222399,-0.004480346247653706,0,0
139,357.6753234127782,363.3196297187063,195.587885410529,0.4616644149891945,-0.00737180176588616,0,0
140,1094.460750682691,1111.3137602590248,196.75375,0.8229539154143645,0.00932071510186597,0,0
141,432.188632883616,444.40787679027386,199.75,0.5505255184883535,0.0005569886264798206,0,0
142,1201.6132932734542,1278.036333429768,199.75,0.843705538899707,0.0029703107639405023,0,0
143,559.2614256475888,568.0028919907699,182.90102600264913,0.6779927909141327,0.023876372742749716,0,0
144,237.23675436810018,243.60295631780744,193.4336621120798,0.20594698424052038,-0.002327623053179752,0,0
145,230.69900444059326,239.47305057952107,192.46106056640497,0.19631432388466186,0.0006383803064329214,0,0
146,514.0006323986172,514.0006323986172,197.55798206735778,0.6156464221737614,0.0007373319371961949,0,0
147,1393.077530524475,1437.5491542872148,196.75375,0.8631325061732883,-0.001202954810496208,0,0
148,315.30576165628526,329.1189182823274,199.75,0.3930765176231866,-0.018353972833708373,0,0
149,241.24859131071048,254.7223223835007,194.77353612668057,0.23534955906441302,-0.006808161691933511,0,0
150,759.7384382609893,823.1666506327647,191.40744808371545,0.7674742435974764,0.0006567033534775576,0,0
151,241.3641227950063,249.27904207438823,190.36608019674136,0.23633339324236668,-0.004327640356636573,0,0
152,410.8323730917224,417.08870364641865,199.75,0.5210850875277231,-0.0009522733346969353,0,0
153,220.01603300764953,225.07096515021655,199.27160904902067,0.1146276512564689,-0.008432958306608186,0,0
154,190.3385688551957,205.85478960758977,181.5016288978633,0.11830261883218562,-0.021294940931285394,0,0
155,367.1458741338607,372.7369280546809,193.60423355932124,0.48058746266503727,0.0023787739016291956,0,0
156,432.2615143612722,434.1308083142755,195.38117923927925,0.5499485972950366,-0.0065221891795243575,0,0
157,346.9935797244671,350.0461735400519,193.93379346084143,0.4459765364678333,7.036947455962661e-05,0,0
158,387.68059672104846,398.3199788440194,199.75,0.49851875223607256,-0.012232130601440887,0,0
159,776.5636479533358,812.1971059070454,195.11829019161877,0.7597648541560431,-0.002696805462408409,0,0
160,229.3152456641408,242.37210407517418,193.45671523670202,0.20181938439293556,-0.006268365008558566,0,0
161,248.9352174931604,252.5844992885112,199.75,0.20917554100642466,0.0012151185783449542,0,0
162,593.0839352704053,606.1797673456482,199.75,0.6704772894769002,-0.005993210197042729,0,0
163,499.43564528971257,500.3172473372298,199.75,0.6007533198923241,-0.0013736444608001346,0,0
164,394.9303026225885,418.9555700798349,199.75,0.5232191328499672,0.00035214832202212635,0,0
165,248.87232388296718,250.46833561750057,184.78878272155833,0.26222697066284617,-0.007961780743482442,0,0
166,550.7254996137074,552.6469662198698,199.75,0.6385576829159146,-0.009724913162523755,0,0
167,300.61995757343175,312.24846967726705,195.26275332222448,0.3746558517194859,-0.008633469219154309,0,0
168,951.5225331601259,966.0127240204324,199.75,0.7932221853469343,-0.0012369084901182293,0,0
169,569.6260982147398,621.1281745739093,199.3576219223328,0.6790394799606521,-0.007008302373860619,0,0
170,353.2403876278556,356.88452154442973,199.75,0.44029514327050334,0.0005747255170659903,0,0
171,243.87639475788893,251.83738741419637,199.75,0.20682944637020229,-0.012756808384148851,0,0
172,423.4095582141588,441.5427693322949,199.40023206223722,0.5484010929138934,-0.0011598302368937216,0,0
173,330.6243348986736,353.4584380095534,192.02540000770654,0.4567242443296362,-0.008748162737502778,0,0
174,214.24701600999293,232.12267232462727,194.96971258668108,0.1600574358629957,-0.00781821298803,0,0
175,390.58505121933786,396.5330469231857,196.996345531086,0.5032032082580822,-0.006082559003246173,0,0
176,526.468453463396,538.6326463673072,188.18319672736175,0.6506279409602758,0.0012462749523045775,0,0
177,229.5642780816104,245.39633181020272,197.58450231861892,0.1948351433735488,-0.011012371450395216,0,0
178,1335.4744237972243,1335.4744237972243,199.75,0.8504276858915498,-0.00750798997053061,0,0
179,616.0245958040637,632.9451917856161,197.71159509497014,0.6876323611256111,0.0004565142328568065,0,0
180,749.465421984756,760.8786009997523,199.75,0.7374745462186221,-0.0020688888532284125,0,0
181,361.71443258914474,362.34181491653726,196.746912039035,0.4570129531300322,0.0026834848553529867,0,0
182,369.0008714807976,374.6201740921803,186.26045864286627,0.5028018469794572,0.005500222978991047,0,0
183,286.2810421751334,289.4691483705103,190.6579915470508,0.34135298141335846,0.0062216124213581685,0,0
184,487.7168996391733,497.4706289138581,196.70584934169798,0.6045880140277397,0.007551808407965177,0,0
185,221.54533715037235,228.36067755301536,191.77831770189115,0.16019553034751954,-0.0063766877308525215,0,0
186,330.8522104942714,335.89056902971714,198.7079800030965,0.4084145304314386,-0.007797864830411044,0,0
187,398.1742258505036,423.5695262874536,199.75,0.528412721871685,0.0073233852616037395,0,0
188,4390.663494947314,5348.923030574799,199.75,0.962656033960815,-0.0779360287438294,0,0
189,618.3299381558487,621.9097372355371,194.63948870752793,0.6870293596419255,0.00029601316094546456,0,0
190,236.83226098247053,240.3791501620268,179.7711619073016,0.25213496351024034,0.008476430125953834,0,0
191,863.7238848110117,886.5623590918204,196.75375,0.778071166701064,-0.0018909960571598702,0,0
192,236.02955120019092,270.8645315301859,199.75,0.26254648819629856,-0.018696985369419376,0,0
193,600.0363631769255,645.0781242256436,199.75,0.690347583496524,-0.007404637630532344,0,0
194,904.4443641772328,918.2176286063278,199.75,0.7824589794652703,-0.0016563432189963827,0,0
195,251.3014927833876,258.0360040926065,199.75,0.22588322237267422,-0.010569983775801157,0,0
196,233.4787796746627,233.4787796746627,198.95322078863114,0.14787450463010232,-0.006446287015545103,0,0
197,556.3744913206194,565.7013641724881,199.75,0.6468985004266417,0.009774085083069347,0,0
198,442.7818166382746,450.2689925670799,199.75,0.5563762921777435,-0.0017050749389476926,0,0
199,396.59724167539935,405.35201161345225,189.48736375470415,0.5325362689074276,0.00025935596257223157,0,0
200,309.6272485166135,311.3256547502243,187.75911377592388,0.39690446029395654,0.008772844467513571,0,0
201,203.81213480559205,218.58942660849314,193.2936465889929,0.11572279781311878,-0.018004623832278563,0,0
202,510.59956100348387,519.8716006948441,194.22982127892524,0.6263888602121683,0.007836777695648976,0,0
203,314.678578466315,325.76298283106763,198.21564087792086,0.3915341787599286,-0.013294340938254223,0,0
204,284.6175635292901,295.15774559064215,196.75375,0.3333945900478582,-0.004169094399385826,0,0
205,421.7817402884743,459.3124389049121,191.28465608148193,0.5835413111442381,-8.514091147194023e-05,0,0
206,211.88107222390812,221.6982630627568,192.72222055468706,0.1307003587117298,-0.009155510648332206,0,0
207,397.8700003809181,412.58199663232654,197.41499162321827,0.5215133155721646,-0.002966011392156765,0,0
208,284.02267782933365,289.8346873264584,193.26547893869977,0.33318720156841286,-0.0007037023256025976,0,0
209,310.2652973515992,322.78101702037816,196.75375,0.3904420036337567,-0.01752676945204235,0,0
210,363.16581548915076,374.31092322827254,188.33132198039226,0.49685859991443826,-0.0006759397544024167,0,0
211,211.54758297356713,214.7691197701189,183.38022201710285,0.14615182008760652,-0.012993295631371336,0,0
212,578.2209180539359,595.965799741231,199.75,0.6648297602199125,-0.004169842229926762,0,0
213,521.0989741662796,551.2440659678575,199.75,0.6376378226416188,-0.009038978477631077,0,0
214,203.71329257944458,218.48341787864558,193.19990548595584,0.11572279781311923,-0.017761833440807503,0,0
215,668.7765516554406,682.1805853685061,190.11488848510592,0.7213129594088228,0.007504226950858182,0,0
216,496.7278828709296,527.8611253477137,195.7475067439968,0.6291685495592167,-0.002834404639547401,0,0
217,669.4912620733121,690.2985633213916,199.1595756394774,0.7114877732307376,0.0016913685892853201,0,0
218,281.0906957983304,285.3712647698786,193.08755539581875,0.32338122567623195,0.006634995470503874,0,0
219,1330.892723975946,1393.4961904829152,190.81037122555304,0.8630707622103884,0.004238179551589106,0,0
220,205.20416354527435,215.25150682220897,187.6854363056749,0.12806447175908875,0.00346034212398414,0,0
221,248.84186484830343,254.7032563287779,189.90383509698128,0.254411436138656,-0.0003489106008519837,0,0
222,344.5276227657834,362.3654138319484,199.75,0.4487608574789739,0.00019613239962774998,0,0
223,511.7766265269461,525.0842602119623,193.47405810949948,0.6315371212395526,-0.00816227087570571,0,0
224,559.0852282736962,562.433027574391,196.75375,0.6501739045295023,-0.0012671106490804447,0,0
225,431.9846532533588,438.56309974960277,193.58807308015474,0.5585855873631783,-0.002815578279683752,0,0
226,230.00507862885408,233.50769403944577,185.98745071138876,0.20350611367876192,0.0007672710159460635,0,0
227,588.680790486444,605.9001770722459,199.75,0.6703252325074294,-0.0066694306461208,0,0
228,455.8864823255465,462.8289160665447,196.75375,0.5748888127557892,-0.014376191624895097,0,0
229,206.32812431843666,239.10522203130844,199.75,0.1645937370040177,-0.024584534474044583,0,0
230,356.56983285942925,362.6835536126136,199.75,0.4492443949819813,0.0010105082788579797,0,0
231,550.8102421340973,567.5402493879593,193.97162665196072,0.6582240169553762,0.022052582813414146,0,0
232,403.52155733176113,403.52155733176113,199.75,0.5049830761934421,-0.004389524078609933,0,0
233,249.91216730849408,264.28696434341333,199.75,0.24419276411815105,-0.013370510056203256,0,0
234,276.7208300006321,279.1655285518749,198.65518987453217,0.288396418766231,0.0074991747336765596,0,0
235,209.16441964855716,232.22100682717405,199.75,0.13982803395275933,-0.019503146429554714,0,0
236,577.5254865401135,592.2491975421581,199.75,0.6627264320003048,0.010066520044766051,0,0
237,259.3943898374188,275.2033025403866,196.75375,0.2850603601636429,-0.014185035576796923,0,0
238,348.55787005214717,356.61868250087224,193.80244374999998,0.45655555006003934,-0.0062314018845291575,0,0
239,227.5694499575369,229.97473475345814,185.59645546753873,0.19297023794154888,-0.0007206537893664318,0,0
240,576.9285117369307,579.8283787788724,199.75,0.6555015116357764,-0.0012072437615210582,0,0
241,345.0124640860358,355.1792835664884,188.95347347221124,0.46800536457290365,0.005324689956315913,0,0
242,269.1373579089127,279.2454458890155,199.75,0.2846794712656139,-0.0035103019688653278,0,0
243,391.8382043362956,393.48011130256066,195.38211697876744,0.5034510986286387,-0.002599699328864842,0,0
244,444.41079907610435,465.0114313060488,192.994139052135,0.5849690436424664,0.005157810294487294,0,0
245,465.74208576267813,467.28367468418173,199.75,0.5725294701660549,-0.00578250008243069,0,0
246,265.2983806681915,283.6116429863723,191.0234769456828,0.32646108976964117,-0.007493736627547196,0,0
247,255.7320277337353,257.4508743335342,199.75,0.22412382355626126,-0.011256758327128698,0,0
248,278.415525142129,287.12175756706927,188.83273284673942,0.3423252405292565,0.003984539840977923,0,0
249,492.11188925420754,500.18218585357994,196.75375,0.6066358307738764,-0.0011129707264952982,0,0
250,342.23723216230997,342.23723216230997,196.75375,0.425095426476897,-0.005856033568372249,0,0
251,210.8857454226038,232.08161389622478,199.75,0.1393113971996155,-0.02043289495913644,0,0
252,210.3232861353051,222.23139060329137,194.78291052719186,0.12351306447565824,-0.012769767870703486,0,0
253,376.72003069934385,382.80711325612674,196.75375,0.48602378799487733,-0.009005381511715906,0,0
254,894.2948108433486,904.9153861805639,196.75375,0.7825722128226247,0.015510580238678065,0,0
255,420.2170753795508,424.33799150116556,193.80244374999998,0.5432828367208133,-0.009490131024031092,0,0
256,444.7325686200411,455.78553503509147,197.47959656149843,0.5667269332136786,-0.01024646130960048,0,0
257,786.3701655003861,796.8624386229259,199.75,0.7493293819380017,-0.008662932841505416,0,0
258,470.778238818849,474.068176286258,196.75375,0.5849673953199643,0.0036966270823100117,0,0
259,644.2454475165952,644.2454475165952,199.75,0.689947362810267,0.002496870703121192,0,0
260,468.1068735514755,483.48416064802814,199.75,0.5868530631235795,-0.0034427072558191442,0,0
261,3805.367613583341,3977.8459399245467,199.75,0.9497843800346403,0.006163081125695855,0,0
262,1417.022670006162,1460.052376254449,199.75,0.8631898394546438,0.0007496800933665341,0,0
263,399.134398263281,400.5292366662818,188.93144402016335,0.5282954982445396,0.004067284487243345,0,0
264,366.96506547725846,369.5222603969897,199.00124871810317,0.46146343523578337,-0.008207460187234493,0,0
265,243.10778433008593,251.6762902963559,196.75375,0.21822691454837906,-0.024033001460235848,0,0
266,239.79673247924006,250.0497649053985,189.94275323808608,0.24038019667826016,-0.013591981341891908,0,0
267,509.9950293729671,536.8654184957675,196.75375,0.6335138319184714,-0.005609530238125607,0,0
268,4412.551160375844,4878.431336931296,199.75,0.9590544611158451,-0.01967277754121849,0,0
269,191.98653492902324,207.61562109736684,183.07308406098196,0.11821141832518955,-0.021695938003145638,0,0
270,277.78485881283626,282.0150850891739,192.3898653666959,0.31780292779068287,-0.003056068132993929,0,0
271,260.1141149286119,260.1141149286119,190.50935839332308,0.2675931544675758,0.007186150949988533,0,0
272,287.24729604351126,295.2838823655989,198.95903247721563,0.32621099775815365,-0.005408722071358777,0,0
273,278.02035057388065,283.48607578455136,196.56845319049435,0.30660279293616577,0.005947537798130836,0,0
274,618.1907461631033,644.4797522847971,193.80244374999998,0.6992885454307365,-0.0021842109714694147,0,0
275,420.68506253256237,427.09143404321054,196.61835244174816,0.5396340531103804,0.004269375744514218,0,0
276,460.61298433722175,468.6380711123162,189.34654191593697,0.5959642342618016,0.007094969069968762,0,0
277,205.48209420395415,219.49136283899202,194.0912082354494,0.11572279781311912,-0.016754064197536486,0,0
278,241.10576271092393,247.87442648428828,184.41069131829713,0.2560317983025726,0.004322474106578245,0,0
279,275.3188853752059,279.5115587565543,186.03860079518824,0.33441535790932364,0.004958401710178271,0,0
280,4500.7436121814335,4889.338390780169,199.75,0.9591458017353292,-0.040059503780599685,0,0
281,368.81231015561394,387.5061675520653,199.75,0.4845243334787398,-0.007309938308108846,0,0
282,313.2605087242716,319.22785959667453,191.7427920258073,0.39935445400015235,-0.005370139526920562,0,0
283,298.31961958334244,315.362615610087,199.75,0.3666021585546143,-0.017827629892641864,0,0
284,489.13734096999076,533.5386852730818,199.05753420183925,0.6269107757388663,-0.013633844472231408,0,0
285,377.52882150224406,408.3947300006548,196.5019634266915,0.5188430481794502,-0.009601113060006423,0,0
286,344.346827799008,355.12396549033,196.75375,0.4459575553332866,-0.012479299867731058,0,0
287,281.4808585768618,292.03396147660766,196.75375,0.326264147480805,-0.013444270045149392,0,0
288,469.086432229008,480.181686031277,194.67320857131978,0.5945842704241753,-0.0012850395502446662,0,0
289,876.0374489892562,893.569165829367,198.68532740661237,0.7776497500087725,0.003508683457264817,0,0
290,330.8809685534398,356.4289819963117,192.4059739970572,0.4601842618986348,-0.013675292797822113,0,0
291,321.16490869714585,353.56403070679795,196.75375,0.44351310395835175,-0.01086818690519388,0,0
292,398.09120980892004,408.1569194341385,192.1309975198066,0.5292717374823055,-0.004576891768923799,0,0
293,395.6814519300379,395.6814519300379,199.75,0.4951747193969591,-0.007651218121202845,0,0
294,767.4909757885451,779.1786556228884,198.8955203981724,0.7447369496547978,-0.001931182236202772,0,0
295,436.6431434842795,447.04051429413136,198.48522953305525,0.5560016974155917,-0.006300403063223836,0,0
296,217.42879521275654,231.43016999190547,199.75,0.136888677880734,-0.01499710964420924,0,0
297,299.1279453602472,308.51181904947344,199.75,0.35253696077047936,-0.0019613727257906206,0,0
298,402.94922810763234,415.31523935956335,196.58485478274432,0.5266611090749093,-0.00465827125093962,0,0
299,314.2909293630678,316.3566339009208,196.75375,0.3780634609305492,-0.010918496993545596,0,0
300,445.8017188308849,465.8429853174488,199.75,0.5712074533785663,-0.008498114479804109,0,0
301,500.6778676239513,519.0570518733185,198.81886999484996,0.6169614317399278,-0.008963888273496918,0,0
302,409.68452082995225,416.09940069674366,199.75,0.5199464366794913,-0.0038600278188430153,0,0
303,316.15714602746095,323.89117800772686,196.75375,0.39253130878635367,-0.013422699554473052,0,0
304,419.4524378054097,425.84003838112665,199.75,0.5309271510509685,-0.0050220694159836725,0,0
305,314.3445757370015,319.8111989077176,199.75,0.3754127413854622,-0.014237838324317588,0,0
306,428.4194005127022,450.37090104259556,182.09781047920657,0.5956714564425556,0.006770673368853333,0,0
307,407.0966148039005,424.48291887220535,191.0809676358958,0.5498500430981474,-0.0056340436052458535,0,0
308,249.46894902463282,254.93367093046143,190.63069265786368,0.25223415187920684,-9.461202633463523e-05,0,0
309,1000.1026943807923,1015.3326846505505,199.75,0.8032664534297461,0.00352526501103617,0,0
310,231.5868464550951,239.74928880974142,199.75,0.16683798733385935,-0.013768087035822043,0,0
311,843.1152031541848,891.1725044877163,196.75375,0.7792192319565533,-0.003826874127468509,0,0
312,4159.1488461214185,4367.9666612784795,199.35578618117955,0.9543595907110635,-0.00794388505776045,0,0
313,372.57614194881194,390.919724918908,199.75,0.48902552808908284,-0.009758097318436168,0,0
314,502.11678692992365,509.7632354618514,194.6856868178345,0.618086057851059,-0.00019459687532909803,0,0
315,850.034971074175,850.034971074175,199.75,0.7650096680756802,-5.056070509355237e-06,0,0
316,557.6620256840527,579.2326631783535,199.75,0.6551472099243576,-0.007903867576216354,0,0
317,263.29516878569007,269.9832687831375,180.4916333112215,0.3314710421696524,0.007308681431610083,0,0
318,448.0310176443576,468.40193494899034,193.80244374999998,0.5862475594360955,-0.0008524186880925495,0,0
319,378.97448054350104,393.4019198325973,199.75,0.4922495546412209,-0.01140200723870824,0,0
320,523.8505598708106,548.3132377820606,199.75,0.6357009347284898,-0.0033370357728183166,0,0
321,396.64433571835235,405.35201161345225,189.48736375470415,0.5325362689074276,-0.000977135233860075,0,0
322,202.99585045743314,207.52451462759242,182.26069045523522,0.12173898692255092,-3.3819002374514182e-06,0,0
323,255.2520762326846,261.20798359840813,199.70259264633978,0.23546520326357734,-0.008116413534967734,0,0
324,453.0820951011831,462.6715695823149,199.75,0.5682682638565237,-0.01271407865791316,0,0
325,239.2217130189728,240.8610183151543,198.04599797848647,0.1777581969725237,-0.0031401938687656682,0,0
326,440.98560284426424,452.62886946575696,199.75,0.5586892187505247,-0.005734511338302276,0,0
327,242.0828934348219,246.15801010649776,182.26292583103597,0.25956938897831616,-0.008739638442332375,0,0
328,207.19975890464767,220.4452565497217,194.93471469715703,0.11572279781311934,-0.017773007610874234,0,0
329,345.11815519369986,370.62011710396393,196.3239262555447,0.4702825961266609,-0.012932819330956323,0,0
330,707.692328426364,729.4105268637317,196.75375,0.7302564978792012,-0.002240844615992753,0,0
331,3935.189915580491,4466.753426189485,199.75,0.9552807193634587,-0.07841749524588351,0,0
332,674.2494493668754,693.0822888452669,199.08197237014974,0.7127585344853683,0.00030154851868119755,0,0
333,541.495737518564,563.3957499041105,198.33994523285833,0.6479562629526125,-0.007277122118339233,0,0
334,461.31423178329885,508.84945444705215,199.75,0.6074477465696393,0.0019216847869958748,0,0
335,479.4208910501766,486.72171680220976,196.52769068402495,0.5962216521275783,0.005723254397579661,0,0
336,520.3905152649529,532.6651536881733,196.75375,0.6306239508297528,-0.00289806415620408,0,0
337,651.5571535325158,672.3705214418528,198.36730911662036,0.7049732211768667,-0.0017809713814652486,0,0
338,322.1925470899201,338.82921666714543,197.88469929770773,0.41597510024614237,-0.004407339314950694,0,0
339,3664.631638590154,3859.311730419925,185.2114963475336,0.9520091899061544,-0.004558790428170659,0,0
340,190.2990090377237,205.8120049110799,181.46390574299642,0.11830261883218596,-0.02234098813865019,0,0
341,342.3148126489207,347.52772857758447,199.75,0.42522571992293146,-0.019647106959384895,0,0
342,285.96216328413965,294.668127002635,199.75,0.3221187441211999,-0.004273049861246582,0,0
343,219.7095091352371,225.7409853106003,199.75,0.11513631552036918,-0.007530648567428513,0,0
344,291.80977839397997,319.5275821258213,199.75,0.37485834972035725,-0.01932156481637276,0,0
345,241.06075146134228,246.47792262648608,199.75,0.1895825886900946,-0.0026770648963825,0,0
346,489.80128087468256,521.7171534986422,199.75,0.6171297058943264,-0.003164704392836356,0,0
347,298.5200697594827,306.0568572670843,192.915512525966,0.36967426821083804,-0.005621959737505605,0,0
348,266.92879348656663,266.92879348656663,197.08944993558777,0.261640352240582,-0.00013741805316454147,0,0
349,283.07856706724067,283.07856706724067,199.75,0.2943655110683365,-0.000977678324317249,0,0
350,265.9276154475521,272.68258361654136,182.29620344365296,0.3314710421696526,0.007173392717609826,0,0
351,5357.117748012001,5591.096717355369,199.72290729646292,0.9642784023612931,-0.02154154834343598,0,0
352,239.13365278713823,248.23098249697404,199.75,0.19530592841111216,-0.0026904480559178743,0,0
353,407.4301263816453,419.9336508352653,196.75375,0.5314646739820714,-0.0044906894642266736,0,0
354,441.8585876023985,459.9864357302869,199.75,0.5657480645426609,-0.008613927955956604,0,0
355,907.3340709848625,917.7874854406839,199.75,0.7823570236370261,0.0016925981472375217,0,0
356,255.41175201304463,271.3288375379285,190.89540709374998,0.29644261617762946,-0.009256155388996823,0,0
357,276.9498694777888,285.449116934514,195.0313219828245,0.3167562608800524,-0.012836845843497995,0,0
358,323.4261857222035,340.12655521579376,199.75,0.41271859860142845,-0.006466539901363391,0,0
359,241.00129118992615,245.7558257127711,199.75,0.18720136370862983,-0.005278089181927214,0,0
360,358.8827474589987,364.34796696345046,199.75,0.4517603551770665,-0.008340115958761987,0,0
361,651.658027783932,664.9578865767465,196.75375,0.7041109610521304,-0.0074832760257310515,0,0
362,208.51816384196928,211.57832148748804,184.06115210959643,0.13005665790537457,-0.008410174194018452,0,0
363,395.61688078134273,397.46263259448796,199.75,0.4974370327693287,-0.011184310470918363,0,0
364,260.61071135249637,262.9293175910751,199.75,0.24029012120031334,0.0018881602683904657,0,0
365,1006.6864240845091,1023.4937222542193,193.3155114863181,0.8111219372596195,0.015137988402354701,0,0
366,361.85803343725865,370.51515873479366,199.41527067723268,0.4617891711686495,-0.009236742122353916,0,0
367,251.30568736586162,263.30725422064114,199.75,0.24138056662648066,-0.006031608422953638,0,0
368,534.3564856320821,542.493894042723,199.75,0.6317930907729827,-0.0008681523918979458,0,0
369,3578.4323021716878,4861.022996424568,199.75,0.9589078265733525,-0.09495468418376946,0,0
370,247.26518587950287,251.03064556294706,196.75375,0.21621621312899375,-0.0007324405366195861,0,0
371,289.6987671041762,294.11042345601646,197.42705479103043,0.3287315271892933,-0.01047442185809236,0,0
372,203.9414618202297,205.11497571523847,185.32357669018242,0.0964892931685909,-0.006660996393176438,0,0
373,3879.7447219041087,5085.208323410646,196.6116804924343,0.9613365533940276,-0.07621948145013294,0,0
374,317.0414652322597,321.8695078500098,199.18409334982786,0.3811650731368843,-0.015512002209427129,0,0
375,258.25376476514793,289.54684745747284,199.7188035621262,0.31023664973088727,-0.023326238489564503,0,0
376,4753.786232157666,4783.758784874887,199.75,0.9582441320763158,-0.09237559366937692,0,0
377,284.91621297159253,293.6599376140509,198.064725426315,0.3255303156584267,-0.012323407525349262,0,0
378,355.97302927788587,355.97302927788587,199.75,0.43886198231027307,-0.00783827941293942,0,0
379,4037.769049739056,5200.1399067724005,196.35951473815288,0.9622395708080038,-0.08273212690556174,0,0
380,254.04016501662133,254.04016501662133,189.12400136438572,0.2555350396973183,-0.011237427169870386,0,0
381,1612.295420620459,1655.0913128792129,193.80244374999998,0.8829052861060219,-0.002913867486196949,0,0
382,265.4359756886098,279.3427335941017,189.03251248696225,0.3232954011195598,-0.009724899940657148,0,0
383,299.12177158849505,312.9333997259212,199.67043108427623,0.3619395332708012,-0.004805762559752524,0,0
384,262.83918810295336,266.8418153329476,199.75,0.25142916693635464,-0.005303409853187105,0,0
385,315.5026011192877,332.44000579565045,194.93513280483117,0.4136231217470949,-0.02242810775268673,0,0
386,246.35626734038078,250.10788562475204,184.40004265243277,0.2627179979079255,0.004115120642907242,0,0
387,212.26913199974734,222.56455109258238,193.47528442826672,0.1307003587117299,-0.011786615728618107,0,0
388,509.32613857900014,521.1464409850557,196.75375,0.6224597646141422,-0.0048156215581965185,0,0
389,272.1967929913869,276.34192181866695,199.75,0.2771635997701639,0.0006088950135115497,0,0
390,255.62307793093044,259.599333145418,196.75375,0.24208684353674437,-0.008749130767962278,0,0
391,333.9154422592936,333.9154422592936,192.80000159193705,0.42260830979412134,0.00046778242245924063,0,0
392,356.10509808567923,361.5280183610957,199.75,0.4474840403642274,-0.012087132600969783,0,0
393,4860.159854413484,4986.958652110849,193.80244374999998,0.9611381490664719,-0.015345476946253964,0,0
394,472.64266246857056,479.84026646555384,198.62751637773914,0.5860549223165331,0.0011546098785418942,0,0
395,1823.7180996811514,1854.9341569024318,199.75,0.8923142370004313,-0.004849623455677633,0,0
396,586.0960269685431,591.245437894686,199.75,0.6621538413703922,0.00029139956225349725,0,0
397,259.0998716593014,263.04555498406233,199.75,0.24062582995518533,-0.0019982310053749328,0,0
398,453.7463185479361,463.0002665433283,199.75,0.568574762405008,-0.012713592789770679,0,0
399,374.43227867259714,402.7902448869361,197.5221503120516,0.5096153573245141,-0.005711324633992983,0,0
400,446.10188404740035,474.9788860819462,199.75,0.5794549908360812,-0.003044789724778709,0,0
401,235.07374914397164,248.53277396255822,198.0610060252514,0.20307892248010095,-0.010562573923985078,0,0
402,329.6142287990801,335.3909327341957,199.75,0.40442635591968723,-0.014701498109366195,0,0
403,292.1892017879791,296.6387835410955,192.39716184889997,0.3514092811729529,0.0007194911440293126,0,0
404,1518.635959484962,1547.2704953081518,199.75,0.8709016939147294,0.004307875617397147,0,0
405,266.52242131912465,273.3234194039317,183.0872830342747,0.3301441807161841,0.004460343241858394,0,0
406,403.8284005111343,403.8284005111343,191.80387914137194,0.5250361814607352,-0.0034281704102992415,0,0
407,227.26884997235416,230.23236393594448,193.80708784240312,0.158210928606352,-0.005664013795508577,0,0
408,2419.557834261045,2456.403892650807,199.75,0.9186819396445258,0.0035233877863579985,0,0
409,264.4817607206043,266.52400559225356,174.89436313081384,0.34379508238976764,-0.0002963791033285702,0,0
410,519.2710187440426,541.6744032060238,199.35965501001974,0.6319566628401416,6.592149320660168e-05,0,0
411,1177.912747364693,1195.8505049387745,199.75,0.8329640710314147,0.006664460995747729,0,0
412,441.46625852652556,445.28776022610407,199.75,0.5514136748367555,0.007412573509180577,0,0
413,455.4449594046469,463.38292684856043,196.46545850067565,0.5760192119359566,-0.005761085930867954,0,0
414,338.1651936668101,354.53393952981463,199.75,0.4365842653459078,-0.010663684232801326,0,0
415,366.2721457779847,392.31806779741964,199.72447438898726,0.49091186263662345,0.0015427956501775993,0,0
416,209.99043614185786,216.43478176903074,186.54736108313446,0.13808973050270057,0.0017580445730069364,0,0
417,586.1928404774288,591.0452910552807,199.75,0.662039435855488,0.0023427527418518755,0,0
418,257.4174692854191,268.6786458809,199.75,0.25654679647095846,-0.007663096727177674,0,0
419,449.57505992029894,456.42138062974516,199.75,0.5623561724378557,-0.008164247508332428,0,0
420,311.2107184089776,315.80318485808425,199.37573462985634,0.36867091850434675,-0.0036906686445260448,0,0
421,421.6134357452603,448.67088830622333,199.75,0.5547961652825841,-0.005321113462219059,0,0
422,450.7779818612438,457.6426211789277,192.16952520887344,0.580088225362778,0.0072878271958835795,0,0
423,207.22819201649554,236.54604955830985,196.75375,0.1682222114155444,-0.024189191801861427,0,0
424,487.5926744818151,557.8717779225898,199.75,0.6419428121210368,-0.012102566060230833,0,0
425,658.3959263141284,687.9229092666577,198.87708755161316,0.7109020722051241,-0.0033191865623423958,0,0
426,455.38786768153807,457.5773017414356,197.0512705814485,0.5693596036527249,-0.007570037377221795,0,0
427,233.28232735877415,248.74449239130487,187.4240225883943,0.24651990970093973,-0.005085148610908814,0,0
428,401.2459476101726,419.8812860975145,190.0146303909616,0.5474563009058897,-0.00711674466773526,0,0
429,522.5719535063276,534.7772181059904,189.52759378903713,0.6455952359745556,0.00018008610659542052,0,0
430,216.05019880437808,223.83616259640806,194.5806958524005,0.13070035871172958,-0.010048852684013034,0,0
431,421.16961953620444,427.0856014782127,196.75375,0.5393107393014345,-0.0016578780514702662,0,0
432,226.56918046478566,232.53617526408058,197.0022300100088,0.15281039697895404,-0.0023549181552590653,0,0
433,437.8736938551239,468.2143572081453,199.75,0.5733791650664808,0.0008171076735657416,0,0
434,584.5982980236658,594.4653468482512,196.75375,0.669024021260191,-0.0036308816156454776,0,0
435,1075.2896232886362,1104.0385839190847,199.75,0.81907335222748,0.004122644612926149,0,0
436,4098.6632145033645,4895.505712806785,199.75,0.9591972695532868,-0.06351889910721747,0,0
437,515.5100279221093,524.927161359992,199.75,0.619471014830927,-0.0041185724882727,0,0
438,368.9477479220271,373.596026253019,199.75,0.4653315721706346,-0.00579762702337441,0,0
439,455.284569765413,462.2178373252924,199.27594071148812,0.5688700767918551,-0.005931891722572201,0,0
440,803.6762057633443,820.5000641706425,198.21976784608577,0.758415902079855,-0.0004006640786718723,0,0
441,579.2722682719578,606.1415376562612,199.75,0.6704565062932928,-0.001424245707287053,0,0
442,383.69219824779236,402.5681139190934,199.75,0.5038106767687394,-0.006647037447066654,0,0
443,396.4262243461942,408.2918827722708,199.75,0.5107666636825775,-0.0142309771255033,0,0
444,796.5157092882528,802.2547839943363,196.75375,0.7547490474031389,0.0011576322212898478,0,0
445,394.67194870755225,404.65120254442087,190.89540709374998,0.5282470288154049,-0.003934953678223259,0,0
446,359.4224671315819,364.89590571734203,199.75,0.4525836084476881,-0.01032355256137193,0,0
447,286.41584326281645,288.77315400402847,194.0435491165717,0.3280415910342388,-0.004521811206540956,0,0
448,318.69218882820275,358.18114801866267,199.75,0.4423212916007734,-0.014916377025933054,0,0
449,504.03821960487005,526.3278478340637,196.75375,0.6261764396284977,-0.009990367368786904,0,0
450,223.71161925801508,230.5770509500529,180.11038102041087,0.21887117439356096,0.0017068738919858908,0,0
451,254.3054528874621,259.8761204378696,194.6019482862799,0.25117418268984526,1.2458022722699446e-05,0,0
452,183.7440472933588,204.56878089997358,183.7440472933588,0.10179819968129589,-0.018370275959914254,0,0
453,376.1945051541619,376.1945051541619,196.75375,0.4769893039257135,-0.0118606054342267,0,0
454,229.256753459697,238.8492965478162,190.01143508425557,0.20447144776825243,0.0017722351317163451,0,0
455,216.12522985146688,231.4178195270407,189.3198607907322,0.1819132114473554,-0.0047052883434209585,0,0
456,546.4973688505665,594.123898719461,199.75,0.6637906665082332,-0.00014681095132899262,0,0
457,249.79401733352367,254.41445842492536,196.5072119853756,0.22760988820388717,-0.0109762759227291,0,0
458,215.51834775461097,232.09734969213602,185.66459271840242,0.20005724768216449,-0.00041461298684463516,0,0
459,349.5771485976764,354.2484556902933,199.75,0.4361302165431761,-0.005917655791010392,0,0
460,505.222281039582,507.76172468266105,199.75,0.6066068191239917,-0.003691395899925068,0,0
461,413.8069828829908,420.10861206395003,194.67805364482118,0.5366006597951227,-0.008812422292279859,0,0
462,366.8673013644708,374.20624039139386,194.79451467731863,0.47944610845191404,-0.011245913426071072,0,0
463,576.5033726067239,635.0754268880953,199.75,0.6854704314749099,-0.00886995306882588,0,0
464,764.1932825830149,779.4087495807657,199.75,0.7437159897070145,-0.006203887428150742,0,0
465,224.365807655203,231.68327149085692,186.9752954641897,0.19297023794154922,-8.590422704870377e-05,0,0
466,383.1653250827635,383.1653250827635,194.0659716278847,0.49351896185813127,-0.0052077026358132205,0,0
467,234.84222749539754,242.7252062466249,193.7385545452829,0.2018193843929349,-0.008545577048037184,0,0
468,609.0252511616982,616.9714698893115,197.73980431505797,0.6794992735230793,-0.00219605753458355,0,0
469,435.91667905005824,443.8387252549002,182.95682327993927,0.5877853533964039,0.013149844799583895,0,0
470,477.69688189880554,500.2526948167166,196.41681980597465,0.6073647941508078,-0.001568454425230428,0,0
471,291.7863723341434,294.8587126545163,195.85223539414886,0.33577599376001,-0.00907146933430764,0,0
472,565.1616402607852,593.4280830821695,198.14774525666263,0.6660964472265699,-0.005648648456047894,0,0
473,389.34911823423647,389.34911823423647,196.75375,0.4946598289670945,-0.013675897348169565,0,0
474,1349.8989829042048,1379.1323829017533,199.75,0.8551625627267794,0.005057377547830139,0,0
475,405.19443159440505,411.94445086315795,196.38395246892347,0.523275645399677,-0.009298029325325589,0,0
476,1476.701014700188,1522.975163606488,199.75,0.8688422472189361,-0.0011375991855591806,0,0
477,511.2383327017712,517.2431098047181,189.80947056356092,0.6330362512992733,0.011130078986881991,0,0
478,284.61260522264683,288.9468073326364,196.84337444089402,0.3187556690519603,-0.004778427414697808,0,0
479,348.3690183894562,355.3261597344925,199.75,0.4378404332817556,-0.004843942782915814,0,0
480,263.79161504645316,288.9213580101559,193.80244374999998,0.3292207779835107,-0.021572624688481687,0,0
481,456.40108254343215,468.00379757085045,197.3273748676652,0.5783637314656788,0.0031629076166827855,0,0
482,1099.944513413609,1113.573110412198,193.80244374999998,0.8259634307456809,0.01111177546759434,0,0
483,496.0970619905115,503.65183958427565,199.75,0.6033966635267773,-0.0028642150395985096,0,0
484,256.85750681143537,267.69215135235385,199.37345519379068,0.25521366918463606,-0.007147647998788449,0,0
485,361.3968650082886,366.90037056679046,199.75,0.4555742756775506,-0.009598095067496171,0,0
486,409.3645709428179,426.58467655674184,198.82974077964266,0.53390322787838,0.00026810332117754073,0,0
487,535.031880839072,550.7230203942134,196.6068496993651,0.6430023034834611,0.005509040449951934,0,0
488,1523.1202390147737,1579.2963862958354,195.07857839069075,0.8764775376658474,0.0008166051604934058,0,0
489,408.5747070153167,411.78401601043953,189.9784056291598,0.5386455077354351,-0.004586346877102746,0,0
490,263.4561570176422,267.46817971334235,199.75,0.25318219081581583,-0.011616814746124046,0,0
491,4073.5320167920986,4135.565499281318,199.75,0.9516994713214644,0.005293071033847171,0,0
492,245.16788194372327,248.90140298855155,184.74407459158218,0.25776201992690395,0.006119017989867366,0,0
493,890.2913276284384,925.2208821531466,199.75,0.7841056078034602,0.0024770203079644924,0,0
494,327.06650542029,332.04721362465995,196.43430679107686,0.4084145304314386,-0.007991875700594744,0,0
495,248.47944527396461,252.26339621722295,182.7295542891105,0.27563983903648537,0.0029994732789485976,0,0
496,420.52886133886267,429.7989771102377,196.37802031780086,0.543093327866547,-0.006024704969651729,0,0
497,2058.5922972420803,2060.22534707326,197.92112647707143,0.9039322922814067,0.006994807473144828,0,0
498,408.06836402836456,414.8625756077522,199.75,0.5185152584385888,-0.005895941464982038,0,0
499,439.96840899612255,453.47049292290194,199.75,0.5595082742595094,0.001071392797931725,0,0
500,302.05978552629546,336.0871543868877,193.80244374999998,0.42335658706281953,-0.016892767963139592,0,0
